{
	 "rootnode": {
		 "name": "crate.obj"
		,"transformation": [
			 1
			,0
			,0
			,0
			,0
			,1
			,0
			,0
			,0
			,0
			,1
			,0
			,0
			,0
			,0
			,1
		]
		,"children": [
			{
				 "name": "defaultobject"
				,"transformation": [
					 1
					,0
					,0
					,0
					,0
					,1
					,0
					,0
					,0
					,0
					,1
					,0
					,0
					,0
					,0
					,1
				]
				,"meshes": [
					 0
				]
			}
		]
	}
	,"flags": 8
	,"meshes": [
		{
			 "name": ""
			,"materialindex": 0
			,"primitivetypes": 4
			,"vertices": [
				 1
				,0
				,1
				,-1
				,0
				,-1
				,1
				,0
				,-1
				,-1
				,2
				,-1
				,0.999999
				,2
				,1
				,1
				,2
				,-0.999999
				,1
				,2
				,-0.999999
				,1
				,0
				,1
				,1
				,0
				,-1
				,0.999999
				,2
				,1
				,-1
				,0
				,1
				,1
				,0
				,1
				,-1
				,0
				,1
				,-1
				,2
				,-1
				,-1
				,0
				,-1
				,1
				,0
				,-1
				,-1
				,2
				,-1
				,1
				,2
				,-0.999999
				,-1
				,0
				,1
				,-1
				,2
				,1
				,0.999999
				,2
				,1
				,-1
				,2
				,1
				,-1
				,2
				,1
				,-1
				,0
				,-1
			]
			,"normals": [
				 0
				,-1
				,0
				,0
				,-1
				,0
				,0
				,-1
				,0
				,0
				,1
				,0
				,0
				,1
				,0
				,0
				,1
				,0
				,1
				,-0
				,0
				,1
				,-0
				,0
				,1
				,-0
				,0
				,0
				,-0
				,1
				,0
				,-0
				,1
				,0
				,-0
				,1
				,-1
				,-0
				,-0
				,-1
				,-0
				,-0
				,-1
				,-0
				,-0
				,0
				,0
				,-1
				,0
				,0
				,-1
				,0
				,0
				,-1
				,0
				,-1
				,0
				,0
				,1
				,0
				,1
				,-0
				,0
				,0
				,-0
				,1
				,-1
				,-0
				,-0
				,0
				,0
				,-1
			]
			,"tangents": [
				 0
				,0
				,-1
				,0
				,0
				,-1
				,0
				,0
				,-1
				,-3.17891e-07
				,0
				,1
				,-3.17891e-07
				,0
				,1
				,-4.76837e-07
				,0
				,1
				,0
				,1
				,4.96705e-07
				,0
				,1
				,4.96705e-07
				,0
				,1
				,5.06639e-07
				,1
				,0
				,0
				,1
				,0
				,0
				,1
				,0
				,0
				,0
				,1
				,0
				,0
				,1
				,0
				,0
				,1
				,0
				,0
				,1
				,0
				,0
				,1
				,0
				,0
				,1
				,0
				,0
				,0
				,-1
				,0
				,0
				,1
				,0
				,1
				,4.76837e-07
				,1
				,0
				,0
				,0
				,1
				,0
				,0
				,1
				,0
			]
			,"bitangents": [
				 -1
				,0
				,0
				,-1
				,0
				,0
				,-1
				,0
				,0
				,-1
				,0
				,-4.96705e-07
				,-1
				,0
				,-4.96705e-07
				,-1
				,0
				,-5.06639e-07
				,0
				,0
				,-1
				,0
				,0
				,-1
				,0
				,0
				,-1
				,3.3776e-07
				,-1
				,0
				,3.3776e-07
				,-1
				,0
				,5.06639e-07
				,-1
				,0
				,0
				,0
				,1
				,0
				,0
				,1
				,0
				,0
				,1
				,-1
				,0
				,0
				,-1
				,0
				,0
				,-1
				,0
				,0
				,-1
				,0
				,0
				,-1
				,0
				,-4.76837e-07
				,0
				,0
				,-1
				,0
				,-1
				,0
				,0
				,0
				,1
				,-1
				,0
				,0
			]
			,"numuvcomponents": [
				 2
			]
			,"texturecoords": [
				[
					 0
					,1
					,0.5
					,0
					,0.5
					,1
					,0.5
					,-0
					,1
					,1
					,0.5
					,1
					,0.5
					,0
					,0
					,1
					,-0
					,0
					,0.5
					,1
					,-0
					,0
					,0.5
					,-0
					,-0
					,0
					,0.5
					,1
					,0
					,1
					,0
					,1
					,0.5
					,-0
					,0.5
					,1
					,-0
					,0
					,1
					,-0
					,0.5
					,1
					,0
					,1
					,0.5
					,0
					,0
					,0
				]
			]
			,"faces": [
				[
					 0
					,1
					,2
				]
				,[
					 0
					,18
					,1
				]
				,[
					 3
					,4
					,5
				]
				,[
					 3
					,19
					,4
				]
				,[
					 6
					,7
					,8
				]
				,[
					 6
					,20
					,7
				]
				,[
					 9
					,10
					,11
				]
				,[
					 9
					,21
					,10
				]
				,[
					 12
					,13
					,14
				]
				,[
					 12
					,22
					,13
				]
				,[
					 15
					,16
					,17
				]
				,[
					 15
					,23
					,16
				]
			]
		}
	]
	,"materials": [
		{
			 "properties": [
				{
					 "key": "?mat.name"
					,"semantic": 0
					,"index": 0
					,"type": 3
					,"value": "Material.001"
				}
				,{
					 "key": "$mat.shadingm"
					,"semantic": 0
					,"index": 0
					,"type": 4
					,"value": 3
				}
				,{
					 "key": "$clr.ambient"
					,"semantic": 0
					,"index": 0
					,"type": 1
					,"value": [
						 1
						,1
						,1
					]
				}
				,{
					 "key": "$clr.diffuse"
					,"semantic": 0
					,"index": 0
					,"type": 1
					,"value": [
						 0.64
						,0.64
						,0.64
					]
				}
				,{
					 "key": "$clr.specular"
					,"semantic": 0
					,"index": 0
					,"type": 1
					,"value": [
						 0.5
						,0.5
						,0.5
					]
				}
				,{
					 "key": "$clr.emissive"
					,"semantic": 0
					,"index": 0
					,"type": 1
					,"value": [
						 0
						,0
						,0
					]
				}
				,{
					 "key": "$mat.shininess"
					,"semantic": 0
					,"index": 0
					,"type": 1
					,"value": 384.314
				}
				,{
					 "key": "$mat.opacity"
					,"semantic": 0
					,"index": 0
					,"type": 1
					,"value": 1
				}
				,{
					 "key": "$mat.refracti"
					,"semantic": 0
					,"index": 0
					,"type": 1
					,"value": 1
				}
				,{
					 "key": "$tex.file"
					,"semantic": 1
					,"index": 0
					,"type": 3
					,"value": "crate.png"
				}
			]
		}
	]
}
