{
	 "rootnode": {
		 "name": "gem.obj"
		,"transformation": [
			 1
			,0
			,0
			,0
			,0
			,1
			,0
			,0
			,0
			,0
			,1
			,0
			,0
			,0
			,0
			,1
		]
		,"children": [
			{
				 "name": "defaultobject"
				,"transformation": [
					 1
					,0
					,0
					,0
					,0
					,1
					,0
					,0
					,0
					,0
					,1
					,0
					,0
					,0
					,0
					,1
				]
				,"meshes": [
					 0
				]
			}
		]
	}
	,"flags": 8
	,"meshes": [
		{
			 "name": ""
			,"materialindex": 0
			,"primitivetypes": 4
			,"vertices": [
				 0
				,-11.2327
				,0
				,2.19927
				,-3.7028
				,1.59784
				,-0.840028
				,-3.7028
				,2.58538
				,2.19927
				,-3.7028
				,1.59784
				,0
				,-11.2327
				,0
				,2.19927
				,-3.7028
				,-1.59784
				,0
				,-11.2327
				,0
				,-0.840028
				,-3.7028
				,2.58538
				,-2.71846
				,-3.7028
				,0
				,0
				,-11.2327
				,0
				,-2.71846
				,-3.7028
				,0
				,-0.840028
				,-3.7028
				,-2.58538
				,0
				,-11.2327
				,0
				,-0.840028
				,-3.7028
				,-2.58538
				,2.19927
				,-3.7028
				,-1.59784
				,2.19927
				,-3.7028
				,1.59784
				,2.19927
				,-3.7028
				,-1.59784
				,2.71846
				,8.4809
				,0
				,-0.840028
				,-3.7028
				,2.58538
				,2.19927
				,-3.7028
				,1.59784
				,0.840028
				,8.4809
				,2.58538
				,-2.71846
				,-3.7028
				,0
				,-0.840028
				,-3.7028
				,2.58538
				,-2.19927
				,8.4809
				,1.59784
				,-0.840028
				,-3.7028
				,-2.58538
				,-2.71846
				,-3.7028
				,0
				,-2.19927
				,8.4809
				,-1.59784
				,2.19927
				,-3.7028
				,-1.59784
				,-0.840028
				,-3.7028
				,-2.58538
				,0.840028
				,8.4809
				,-2.58538
				,2.19927
				,-3.7028
				,1.59784
				,2.71846
				,8.4809
				,0
				,0.840028
				,8.4809
				,2.58538
				,-0.840028
				,-3.7028
				,2.58538
				,0.840028
				,8.4809
				,2.58538
				,-2.19927
				,8.4809
				,1.59784
				,-2.71846
				,-3.7028
				,0
				,-2.19927
				,8.4809
				,1.59784
				,-2.19927
				,8.4809
				,-1.59784
				,-0.840028
				,-3.7028
				,-2.58538
				,-2.19927
				,8.4809
				,-1.59784
				,0.840028
				,8.4809
				,-2.58538
				,2.19927
				,-3.7028
				,-1.59784
				,0.840028
				,8.4809
				,-2.58538
				,2.71846
				,8.4809
				,0
				,0.840028
				,8.4809
				,2.58538
				,2.71846
				,8.4809
				,0
				,0
				,16.0108
				,0
				,-2.19927
				,8.4809
				,1.59784
				,0.840028
				,8.4809
				,2.58538
				,0
				,16.0108
				,0
				,-2.19927
				,8.4809
				,-1.59784
				,-2.19927
				,8.4809
				,1.59784
				,0
				,16.0108
				,0
				,0.840028
				,8.4809
				,-2.58538
				,-2.19927
				,8.4809
				,-1.59784
				,0
				,16.0108
				,0
				,2.71846
				,8.4809
				,0
				,0.840028
				,8.4809
				,-2.58538
				,0
				,16.0108
				,0
			]
			,"normals": [
				 0.2966
				,-0.2804
				,0.9129
				,0.2966
				,-0.2804
				,0.9129
				,0.2966
				,-0.2804
				,0.9129
				,0.9599
				,-0.2804
				,0
				,0.9599
				,-0.2804
				,0
				,0.9599
				,-0.2804
				,0
				,-0.7766
				,-0.2804
				,0.5642
				,-0.7766
				,-0.2804
				,0.5642
				,-0.7766
				,-0.2804
				,0.5642
				,-0.7766
				,-0.2804
				,-0.5642
				,-0.7766
				,-0.2804
				,-0.5642
				,-0.7766
				,-0.2804
				,-0.5642
				,0.2966
				,-0.2804
				,-0.9129
				,0.2966
				,-0.2804
				,-0.9129
				,0.2966
				,-0.2804
				,-0.9129
				,0.9991
				,-0.0426
				,0
				,0.9991
				,-0.0426
				,0
				,0.9991
				,-0.0426
				,0
				,0.3087
				,-0.0426
				,0.9502
				,0.3087
				,-0.0426
				,0.9502
				,0.3087
				,-0.0426
				,0.9502
				,-0.8083
				,-0.0426
				,0.5873
				,-0.8083
				,-0.0426
				,0.5873
				,-0.8083
				,-0.0426
				,0.5873
				,-0.8083
				,-0.0426
				,-0.5873
				,-0.8083
				,-0.0426
				,-0.5873
				,-0.8083
				,-0.0426
				,-0.5873
				,0.3087
				,-0.0426
				,-0.9502
				,0.3087
				,-0.0426
				,-0.9502
				,0.3087
				,-0.0426
				,-0.9502
				,0.8083
				,0.0426
				,0.5873
				,0.8083
				,0.0426
				,0.5873
				,0.8083
				,0.0426
				,0.5873
				,-0.3087
				,0.0426
				,0.9502
				,-0.3087
				,0.0426
				,0.9502
				,-0.3087
				,0.0426
				,0.9502
				,-0.9991
				,0.0426
				,0
				,-0.9991
				,0.0426
				,0
				,-0.9991
				,0.0426
				,0
				,-0.3087
				,0.0426
				,-0.9502
				,-0.3087
				,0.0426
				,-0.9502
				,-0.3087
				,0.0426
				,-0.9502
				,0.8083
				,0.0426
				,-0.5873
				,0.8083
				,0.0426
				,-0.5873
				,0.8083
				,0.0426
				,-0.5873
				,0.7766
				,0.2804
				,0.5642
				,0.7766
				,0.2804
				,0.5642
				,0.7766
				,0.2804
				,0.5642
				,-0.2966
				,0.2804
				,0.9129
				,-0.2966
				,0.2804
				,0.9129
				,-0.2966
				,0.2804
				,0.9129
				,-0.9599
				,0.2804
				,0
				,-0.9599
				,0.2804
				,0
				,-0.9599
				,0.2804
				,0
				,-0.2966
				,0.2804
				,-0.9129
				,-0.2966
				,0.2804
				,-0.9129
				,-0.2966
				,0.2804
				,-0.9129
				,0.7766
				,0.2804
				,-0.5642
				,0.7766
				,0.2804
				,-0.5642
				,0.7766
				,0.2804
				,-0.5642
			]
			,"tangents": [
				 0.274732
				,0.940567
				,0.199638
				,0.274732
				,0.940567
				,0.199638
				,0.274732
				,0.940567
				,0.199638
				,-0.274754
				,-0.940571
				,-0.199591
				,-0.274754
				,-0.940571
				,-0.199591
				,-0.274754
				,-0.940571
				,-0.199591
				,-0.104964
				,0.94057
				,0.322972
				,-0.104964
				,0.94057
				,0.322972
				,-0.104964
				,0.94057
				,0.322972
				,-0.339593
				,0.940573
				,-1.58618e-05
				,-0.339593
				,0.940573
				,-1.58618e-05
				,-0.339593
				,0.940573
				,-1.58618e-05
				,-0.104918
				,0.94057
				,-0.322987
				,-0.104918
				,0.94057
				,-0.322987
				,-0.104918
				,0.94057
				,-0.322987
				,0
				,0
				,-1
				,0
				,0
				,-1
				,0
				,0
				,-1
				,0.951068
				,-1.76391e-06
				,-0.308982
				,0.951068
				,-1.76391e-06
				,-0.308982
				,0.951068
				,-1.76391e-06
				,-0.308982
				,0.587809
				,7.70709e-07
				,0.809
				,0.587809
				,7.70709e-07
				,0.809
				,0.587809
				,7.70709e-07
				,0.809
				,-0.587809
				,-7.70709e-07
				,0.809
				,-0.587809
				,-7.70709e-07
				,0.809
				,-0.587809
				,-7.70709e-07
				,0.809
				,-0.951068
				,1.76391e-06
				,-0.308982
				,-0.951068
				,1.76391e-06
				,-0.308982
				,-0.951068
				,1.76391e-06
				,-0.308982
				,0.0421962
				,0.990625
				,-0.12993
				,0.0421962
				,0.990625
				,-0.12993
				,0.0421962
				,0.990625
				,-0.12993
				,0.136611
				,0.990625
				,-3.03006e-05
				,0.136611
				,0.990625
				,-3.03006e-05
				,0.136611
				,0.990625
				,-3.03006e-05
				,0.0422386
				,0.990625
				,0.129917
				,0.0422386
				,0.990625
				,0.129917
				,0.0422386
				,0.990625
				,0.129917
				,-0.11051
				,0.990625
				,0.0803146
				,-0.11051
				,0.990625
				,0.0803146
				,-0.11051
				,0.990625
				,0.0803146
				,-0.110538
				,0.990624
				,-0.0802785
				,-0.110538
				,0.990624
				,-0.0802785
				,-0.110538
				,0.990624
				,-0.0802785
				,0.587765
				,-1.0376e-05
				,-0.809032
				,0.587765
				,-1.0376e-05
				,-0.809032
				,0.587765
				,-1.0376e-05
				,-0.809032
				,0.951062
				,-6.34907e-06
				,0.309001
				,0.951062
				,-6.34907e-06
				,0.309001
				,0.951062
				,-6.34907e-06
				,0.309001
				,0
				,0
				,1
				,0
				,0
				,1
				,0
				,0
				,1
				,-0.951062
				,6.34907e-06
				,0.309001
				,-0.951062
				,6.34907e-06
				,0.309001
				,-0.951062
				,6.34907e-06
				,0.309001
				,-0.587765
				,1.0376e-05
				,-0.809032
				,-0.587765
				,1.0376e-05
				,-0.809032
				,-0.587765
				,1.0376e-05
				,-0.809032
			]
			,